"Epic","Feature","Story","FAILED","BROKEN","PASSED","SKIPPED","UNKNOWN"
"Storefront","Catalogue and cart","Catalogue sorting","0","0","6","0","0"
"Storefront","Authentication","Rejected sign-in","0","0","27","0","0"
"Reservations API","Contract and negative paths","Schema contract","0","0","3","0","0"
"Storefront","Checkout","Order totals","0","1","2","0","0"
"Reservations API","Contract and negative paths","Authorisation","0","0","4","0","0"
"Storefront","Authentication","Account lockout","0","0","3","0","0"
"Storefront","Catalogue and cart","Add to cart","0","2","1","0","0"
"Reservations API","Contract and negative paths","Error handling","0","0","2","0","0"
"Storefront","Checkout","Place an order","0","1","2","0","0"
"Reservations API","Booking lifecycle","Create","0","0","2","0","0"
"Storefront","Checkout","Checkout validation","0","1","2","0","0"
"Reservations API","Booking lifecycle","Update","0","0","4","0","0"
"Reservations API","Booking lifecycle","Delete","0","0","2","0","0"
"Storefront","Catalogue and cart","Cart contents","0","2","4","0","0"
"Storefront","Authentication","Valid sign-in","0","0","3","0","0"
"Reservations API","Booking lifecycle","Search","0","0","2","0","0"
"Reservations API","Contract and negative paths","Performance budget","0","0","2","0","0"
"Reservations API","Contract and negative paths","Input validation","0","0","2","0","0"
"Reservations API","Booking lifecycle","Read","0","0","2","0","0"
"Reservations platform","API to data-store integrity","Constraint enforcement","0","0","2","0","0"
"Reservations platform","API to data-store integrity","Write-through integrity","0","0","2","0","0"
"Reservations API","Booking lifecycle","Service health","0","0","1","0","0"
