"Status","Start Time","Stop Time","Duration in ms","Parent Suite","Suite","Sub Suite","Test Class","Test Method","Name","Description"
"passed","Fri Oct 09 14:28:38 UTC 2026","Fri Oct 09 14:28:39 UTC 2026","317","SentinelQA-Smoke","Smoke - API","com.sentinelqa.tests.api.BookingCrudApiTest","com.sentinelqa.tests.api.BookingCrudApiTest","createsBookingWithAllFieldsPersisted","POST /booking persists every field it was sent","TC-200 — creation round-trip, including the nested bookingdates object."
"passed","Fri Oct 09 14:28:04 UTC 2026","Fri Oct 09 14:28:05 UTC 2026","166","SentinelQA-API","API contract and CRUD","com.sentinelqa.tests.api.BookingCrudApiTest","com.sentinelqa.tests.api.BookingCrudApiTest","createsBookingWithAllFieldsPersisted","POST /booking persists every field it was sent","TC-200 — creation round-trip, including the nested bookingdates object."
"passed","Fri Oct 09 14:29:07 UTC 2026","Fri Oct 09 14:29:11 UTC 2026","4720","SentinelQA-Smoke","Smoke - UI","com.sentinelqa.tests.ui.CatalogueAndCartTest","com.sentinelqa.tests.ui.CatalogueAndCartTest","cartBadgeTracksAdditions","The cart badge tracks additions exactly",""
"passed","Fri Oct 09 14:28:02 UTC 2026","Fri Oct 09 14:28:04 UTC 2026","2918","SentinelQA-API","API contract and CRUD","com.sentinelqa.tests.api.BookingContractAndNegativeTest","com.sentinelqa.tests.api.BookingContractAndNegativeTest","invalidCredentialsYieldNoToken","An invalid credential pair yields no token",""
"passed","Fri Oct 09 14:28:02 UTC 2026","Fri Oct 09 14:28:04 UTC 2026","2417","SentinelQA-API","API contract and CRUD","com.sentinelqa.tests.api.BookingContractAndNegativeTest","com.sentinelqa.tests.api.BookingContractAndNegativeTest","readStaysWithinSla","Response time stays inside the agreed SLA",""
"passed","Fri Oct 09 14:29:08 UTC 2026","Fri Oct 09 14:29:11 UTC 2026","3137","SentinelQA-Smoke","Smoke - UI","com.sentinelqa.tests.ui.LoginTest","com.sentinelqa.tests.ui.LoginTest","validUserReachesCatalogue","A valid user reaches the catalogue after sign-in","TC-001 — the happy path that gates every other UI test in the suite."
"passed","Fri Oct 09 14:28:38 UTC 2026","Fri Oct 09 14:28:39 UTC 2026","310","SentinelQA-Smoke","Smoke - API","com.sentinelqa.tests.api.BookingCrudApiTest","com.sentinelqa.tests.api.BookingCrudApiTest","serviceIsHealthy","The service answers its health probe",""
"passed","Fri Oct 09 14:28:04 UTC 2026","Fri Oct 09 14:28:05 UTC 2026","468","SentinelQA-API","API contract and CRUD","com.sentinelqa.tests.api.BookingCrudApiTest","com.sentinelqa.tests.api.BookingCrudApiTest","deleteRemovesBooking","DELETE /booking/{id} removes the booking",""
"passed","Fri Oct 09 14:28:02 UTC 2026","Fri Oct 09 14:28:04 UTC 2026","2598","SentinelQA-API","API contract and CRUD","com.sentinelqa.tests.api.BookingContractAndNegativeTest","com.sentinelqa.tests.api.BookingContractAndNegativeTest","unauthenticatedDeleteIsRefused","A mutation without a token is refused","TC-212 — an unauthenticated DELETE must never succeed."
"passed","Fri Oct 09 14:28:04 UTC 2026","Fri Oct 09 14:28:05 UTC 2026","336","SentinelQA-API","API contract and CRUD","com.sentinelqa.tests.api.BookingCrudApiTest","com.sentinelqa.tests.api.BookingCrudApiTest","searchFiltersByGuestName","GET /booking supports filtering by guest name",""
"passed","Fri Oct 09 14:29:07 UTC 2026","Fri Oct 09 14:29:12 UTC 2026","4615","SentinelQA-Smoke","Smoke - UI","com.sentinelqa.tests.ui.CheckoutE2ETest","com.sentinelqa.tests.ui.CheckoutE2ETest","placesOrderEndToEnd","Browse, add to cart, check out and confirm the order end to end","TC-020 — the revenue path. If this fails, the release does not ship."
"passed","Fri Oct 09 14:28:04 UTC 2026","Fri Oct 09 14:28:05 UTC 2026","339","SentinelQA-API","API contract and CRUD","com.sentinelqa.tests.api.BookingCrudApiTest","com.sentinelqa.tests.api.BookingCrudApiTest","partialUpdateLeavesOtherFieldsIntact","PATCH /booking/{id} changes only the supplied fields","TC-204 — the classic partial-update defect: untouched fields must survive."
"passed","Fri Oct 09 14:28:04 UTC 2026","Fri Oct 09 14:28:05 UTC 2026","331","SentinelQA-API","API contract and CRUD","com.sentinelqa.tests.api.BookingCrudApiTest","com.sentinelqa.tests.api.BookingCrudApiTest","fullUpdateReplacesResource","PUT /booking/{id} replaces the whole resource",""
"passed","Fri Oct 09 14:28:05 UTC 2026","Fri Oct 09 14:28:05 UTC 2026","293","SentinelQA-API","API contract and CRUD","com.sentinelqa.tests.api.BookingCrudApiTest","com.sentinelqa.tests.api.BookingCrudApiTest","readsBackCreatedBooking","GET /booking/{id} returns the booking that was just created",""
"passed","Fri Oct 09 14:28:02 UTC 2026","Fri Oct 09 14:28:04 UTC 2026","2167","SentinelQA-API","API contract and CRUD","com.sentinelqa.tests.api.BookingContractAndNegativeTest","com.sentinelqa.tests.api.BookingContractAndNegativeTest","unknownBookingReturns404","An unknown booking id returns 404, not 200 with an empty body",""
"passed","Fri Oct 09 14:28:35 UTC 2026","Fri Oct 09 14:28:38 UTC 2026","3544","SentinelQA-Smoke","Smoke - API","com.sentinelqa.tests.api.BookingContractAndNegativeTest","com.sentinelqa.tests.api.BookingContractAndNegativeTest","createResponseMatchesSchema","POST /booking matches the agreed JSON schema","TC-210 — schema validation catches field renames and type changes before consumers do."
"passed","Fri Oct 09 14:29:06 UTC 2026","Fri Oct 09 14:29:11 UTC 2026","4726","SentinelQA-Smoke","Smoke - UI","com.sentinelqa.tests.ui.CatalogueAndCartTest","com.sentinelqa.tests.ui.CatalogueAndCartTest","sortsByPriceAscending","Sorting by price ascending reorders the catalogue correctly",""
"passed","Fri Oct 09 14:28:04 UTC 2026","Fri Oct 09 14:28:05 UTC 2026","159","SentinelQA-API","API contract and CRUD","com.sentinelqa.tests.api.BookingCrudApiTest","com.sentinelqa.tests.api.BookingCrudApiTest","serviceIsHealthy","The service answers its health probe",""
"passed","Fri Oct 09 14:28:02 UTC 2026","Fri Oct 09 14:28:04 UTC 2026","2784","SentinelQA-API","API contract and CRUD","com.sentinelqa.tests.api.BookingContractAndNegativeTest","com.sentinelqa.tests.api.BookingContractAndNegativeTest","createResponseMatchesSchema","POST /booking matches the agreed JSON schema","TC-210 — schema validation catches field renames and type changes before consumers do."
"passed","Fri Oct 09 14:28:02 UTC 2026","Fri Oct 09 14:28:04 UTC 2026","2167","SentinelQA-API","API contract and CRUD","com.sentinelqa.tests.api.BookingContractAndNegativeTest","com.sentinelqa.tests.api.BookingContractAndNegativeTest","malformedPayloadIsRejected","A malformed payload is rejected rather than silently stored","TC-215 — a missing mandatory field must not create a half-populated record."
"passed","Fri Oct 09 14:28:02 UTC 2026","Fri Oct 09 14:28:04 UTC 2026","2630","SentinelQA-API","API contract and CRUD","com.sentinelqa.tests.api.BookingContractAndNegativeTest","com.sentinelqa.tests.api.BookingContractAndNegativeTest","authResponseMatchesSchema","POST /auth matches the token schema",""
